<?xml version="1.0" encoding="UTF-8"?>
<beans xmlns="http://www.springframework.org/schema/beans"
  xmlns:xsi="http://www.w3.org/2001/XMLSchema-instance"
  xmlns:gfe="http://www.springframework.org/schema/gemfire"
  xmlns:gfe-data="http://www.springframework.org/schema/data/gemfire"
  xmlns:context="http://www.springframework.org/schema/context"
  xsi:schemaLocation="http://www.springframework.org/schema/gemfire http://www.springframework.org/schema/gemfire/spring-gemfire.xsd
  http://www.springframework.org/schema/beans http://www.springframework.org/schema/beans/spring-beans.xsd
  http://www.springframework.org/schema/context http://www.springframework.org/schema/context/spring-context.xsd 
  http://www.springframework.org/schema/data/gemfire http://www.springframework.org/schema/data/gemfire/spring-data-gemfire.xsd">
	<!--Spring Components Scan-->
	<context:component-scan base-package="com.jcg.examples"></context:component-scan>

	<!--GemFire Cache -->
	<gfe:cache />

	<!--Region for being used by the Record Bean -->
	<gfe:replicated-region persistent="true" id="record" />

	<!--Scan for annotated GemFire Repositories-->
	<gfe-data:repositories base-package="com.jcg.examples" />
	
	 <gfe:cache-server id="advanced-config" auto-startup="true"
       bind-address="localhost" port="5522" host-name-for-clients="localhost"
       load-poll-interval="2000" max-connections="1" max-threads="2"
       max-message-count="1000" max-time-between-pings="30000"  
       groups="test-server">

     <gfe:subscription-config eviction-type="ENTRY" capacity="1000" disk-store="file://D:\SWA_PROJECT\Gemfire-setup\gemfire-setup\cache-xml\"/>
     
   </gfe:cache-server>
   
   <gfe:disk-store id="diskStore1" queue-size="50" auto-compact="true" 
        max-oplog-size="10" time-interval="9999">
        <gfe:disk-dir location="D:\SWA_PROJECT\Gemfire-setup\gemfire-setup\cache-xml\" max-size="20"/>
        <gfe:disk-dir location="D:\SWA_PROJECT\Gemfire-setup\gemfire-setup\cache-xml\" max-size="20"/>
</gfe:disk-store>

  
  

</beans>