<?xml version="1.0" encoding="UTF-8"?>
<beans xmlns="http://www.springframework.org/schema/beans"
	xmlns:xsi="http://www.w3.org/2001/XMLSchema-instance" xmlns:gfe="http://www.springframework.org/schema/gemfire"
	xmlns:util="http://www.springframework.org/schema/util" xmlns:p="http://www.springframework.org/schema/p"
	xmlns:gfe-data="http://www.springframework.org/schema/data/gemfire"
	xmlns:jee="http://www.springframework.org/schema/jee" xmlns:context="http://www.springframework.org/schema/context"
	 xmlns:cache="http://www.springframework.org/schema/cache"
	 xmlns:aop="http://www.springframework.org/schema/aop"
	 xmlns:tx="http://www.springframework.org/schema/tx"
	xsi:schemaLocation="http://www.springframework.org/schema/gemfire 	http://www.springframework.org/schema/gemfire/spring-gemfire.xsd
						http://www.springframework.org/schema/beans 	http://www.springframework.org/schema/beans/spring-beans.xsd
						http://www.springframework.org/schema/util 		http://www.springframework.org/schema/util/spring-util.xsd
						http://www.springframework.org/schema/tx http://www.springframework.org/schema/tx/spring-tx.xsd
						http://www.springframework.org/schema/data/gemfire http://www.springframework.org/schema/data/gemfire/spring-data-gemfire.xsd
						http://www.springframework.org/schema/context http://www.springframework.org/schema/context/spring-context.xsd
						http://www.springframework.org/schema/jee http://www.springframework.org/schema/jee/spring-jee-3.0.xsd 
						http://www.springframework.org/schema/cache http://www.springframework.org/schema/cache/spring-cache.xsd
						http://www.springframework.org/schema/aop  http://www.springframework.org/schema/aop/spring-aop.xsd 
						">
	
	<!--Spring Components Scan-->
	<context:component-scan base-package="com.jcg.examples,com.jcg.examples.dao,com.jcg.examples.service,com.jcg.dao,com.jcg.examples.bean,com.jcg.examples.repository"></context:component-scan>

<tx:annotation-driven/>


	<!--Scan for annotated GemFire Repositories-->
	<gfe-data:repositories base-package="com.jcg.examples.repository" />
	
	
	
	<gfe:pool id="cluster-pool"
		subscription-enabled="false"  read-timeout="180000" >
		<gfe:locator host="localhost" port="5522" />
     	</gfe:pool>

	<gfe:client-cache  pool-name="cluster-pool"
		pdx-serializer-ref="pdxSerializer" id="gemfireCache"/>
	<!-- <gfe:transaction-manager/> -->
	<gfe:annotation-driven/>

	<!-- PDX Serialization config on client side -->
	<bean id="pdxSerializer" class="com.gemstone.gemfire.pdx.ReflectionBasedAutoSerializer">
		<property name="serializableClasses">
			<list value-type="java.lang.String">
				<value> com.jcg.examples.bean.*</value>
			</list>
		</property>
	</bean>

	
	
	<gfe:client-region id="record" name="record"
		shortcut="PROXY" pool-name="cluster-pool" concurrency-checks-enabled="true">
	</gfe:client-region>
	
	<gfe:client-region id="record" name="record"
		shortcut="PROXY" pool-name="cluster-pool" concurrency-checks-enabled="true">
	</gfe:client-region>

	<bean id="recordTemplate" class="org.springframework.data.gemfire.GemfireTemplate"
		p:region-ref="record" /> 
		<bean id="gemfireCacheManager" class="org.springframework.data.gemfire.support.GemfireCacheManager"
      p:cache-ref="gemfireCache"/>
		
		
		<!-- Gemfire transation manager -->
<gfe:transaction-manager cache-ref="gemfireCache" copy-on-read="true"/>


  <!-- the transactional advice (what 'happens'; see the <aop:advisor/> bean below) -->
    <tx:advice id="txAdvice" transaction-manager="gemfireTransactionManager">
        <!-- the transactional semantics... -->
        <tx:attributes>
            <!-- all methods starting with 'get' are read-only -->
           <!--  <tx:method name="get*" read-only="true"/> -->
            <!-- other methods use the default transaction settings (see below) -->
            <tx:method name="saveTransaction*"/>
        </tx:attributes>
    </tx:advice>

    <!-- ensure that the above transactional advice runs for any execution
        of an operation defined by the FooService interface -->
    <aop:config>
        <aop:pointcut id="gemfireServiceOperation" expression="execution(* com.jcg.examples.service.GemfireTemplateService.*(..))"/>
        <aop:advisor advice-ref="txAdvice" pointcut-ref="gemfireServiceOperation"/>
    </aop:config>

      
     
</beans>