<beans xmlns="http://www.springframework.org/schema/beans"
	xmlns:xsi="http://www.w3.org/2001/XMLSchema-instance" xmlns:gfe="http://www.springframework.org/schema/gemfire"
	xmlns:util="http://www.springframework.org/schema/util" xmlns:p="http://www.springframework.org/schema/p"
	xmlns:gfe-data="http://www.springframework.org/schema/data/gemfire"
	xmlns:jee="http://www.springframework.org/schema/jee" xmlns:context="http://www.springframework.org/schema/context"
	xmlns:cache="http://www.springframework.org/schema/cache" xmlns:aop="http://www.springframework.org/schema/aop"
	xmlns:tx="http://www.springframework.org/schema/tx"
	xsi:schemaLocation="http://www.springframework.org/schema/gemfire 	http://www.springframework.org/schema/gemfire/spring-gemfire.xsd
						http://www.springframework.org/schema/beans 	http://www.springframework.org/schema/beans/spring-beans.xsd
						http://www.springframework.org/schema/util 		http://www.springframework.org/schema/util/spring-util.xsd
						http://www.springframework.org/schema/tx http://www.springframework.org/schema/tx/spring-tx.xsd
						http://www.springframework.org/schema/data/gemfire http://www.springframework.org/schema/data/gemfire/spring-data-gemfire.xsd
						http://www.springframework.org/schema/context http://www.springframework.org/schema/context/spring-context-3.1.xsd
						http://www.springframework.org/schema/jee http://www.springframework.org/schema/jee/spring-jee-3.0.xsd 
						http://www.springframework.org/schema/cache http://www.springframework.org/schema/cache/spring-cache.xsd
						http://www.springframework.org/schema/aop  http://www.springframework.org/schema/aop/spring-aop-3.0.xsd 
						">

	<!--Spring Components Scan -->
	<context:component-scan
		base-package="com.jcg.examples,com.jcg.examples.dao,com.jcg.examples.service,com.jcg.dao,com.jcg.examples.bean,com.jcg.examples.repository"></context:component-scan>

	<!--GemFire Cache -->

	<util:properties id="gemfireProperties">
		<prop key="name">GemFireCacheServerManagerLocator</prop>
		<prop key="mcast-port">0</prop>
		<prop key="locators">localhost[11235]</prop>
		<prop key="log-level">config</prop>
		<prop key="jmx-manager">true</prop>
		<prop key="jmx-manager-port">1199</prop>
		<prop key="jmx-manager-start">true</prop>
		<prop key="start-locator">localhost[11235]</prop>
	</util:properties>

	<gfe:cache properties-ref="gemfireProperties" pdx-serializer-ref="pdxSerializer" pdx-persistent="true"/>

	<!--Region for being used by the Record Bean -->
	<gfe:replicated-region persistent="true" id="record" />

	<!--Scan for annotated GemFire Repositories -->
	<gfe-data:repositories base-package="com.jcg.examples" />

	<gfe:cache-server id="advanced-config" auto-startup="true"
		bind-address="localhost" port="5522" host-name-for-clients="localhost"
		load-poll-interval="2000" max-connections="1" max-threads="2"
		max-message-count="1000" max-time-between-pings="30000" groups="test-server">

		<gfe:subscription-config eviction-type="ENTRY"
			capacity="1000" />

	</gfe:cache-server>
	<bean id="recordTemplate" class="org.springframework.data.gemfire.GemfireTemplate"
		p:region-ref="record" />

	<gfe:disk-store id="diskStore1" queue-size="50"
		auto-compact="true" max-oplog-size="10" time-interval="9999">
		<gfe:disk-dir location="D:\SWA_PROJECT\Gemfire-setup\gemfire-setup\cache-xml\"
			max-size="20" />
	</gfe:disk-store>


	<context:annotation-config />
	<gfe:annotation-driven />
	<!-- PDX Serialization config on client side -->
	<bean id="pdxSerializer" class="com.gemstone.gemfire.pdx.ReflectionBasedAutoSerializer">
		<property name="serializableClasses">
			<list value-type="java.lang.String">
				<value> com.jcg.examples.bean.*</value>
			</list>
		</property>
	</bean>


</beans>