<?xml version="1.0" encoding="UTF-8"?>
<beans xmlns="http://www.springframework.org/schema/beans"
   xmlns:cxf="http://cxf.apache.org/core" xmlns:jaxrs="http://cxf.apache.org/jaxrs"
   xmlns:context="http://www.springframework.org/schema/context" xmlns:http="http://cxf.apache.org/transports/http/configuration"
   xmlns:jaxws="http://cxf.apache.org/jaxws" xmlns:util="http://www.springframework.org/schema/util"
   xmlns:xsi="http://www.w3.org/2001/XMLSchema-instance" xmlns:int="http://www.springframework.org/schema/integration"
   xsi:schemaLocation="
      http://www.springframework.org/schema/beans http://www.springframework.org/schema/beans/spring-beans.xsd
      http://cxf.apache.org/core http://cxf.apache.org/schemas/core.xsd
      http://cxf.apache.org/jaxrs http://cxf.apache.org/schemas/jaxrs.xsd
      http://cxf.apache.org/jaxws http://cxf.apache.org/schemas/jaxws.xsd
      http://cxf.apache.org/transports/http/configuration http://cxf.apache.org/schemas/configuration/http-conf.xsd      
      http://www.springframework.org/schema/util http://www.springframework.org/schema/util/spring-util.xsd
      http://www.springframework.org/schema/context http://www.springframework.org/schema/context/spring-context.xsd
      http://www.springframework.org/schema/beans http://www.springframework.org/schema/beans/spring-beans.xsd
      http://www.springframework.org/schema/integration http://www.springframework.org/schema/integration/spring-integration.xsd">

   <!-- Process annotations on registered beans like @Autowired... -->
   <context:annotation-config />

   <!-- These are the default "Timeout" values in milliseconds for CXF and should be adjusted to suit the client's requirements. -->
   <!-- The "ChunkingThreshold" value is the default in bytes and MUST be set to a value higher than the client's largest request. -->
   <http:conduit name="*.http-conduit">
      <http:client ConnectionTimeout="${wsclient.connect.timeout.value}" ReceiveTimeout="${wsclient.request.timeout.value}" ChunkingThreshold="2097152"/>
   </http:conduit>

   <!-- A hook to resolve system properties in here, for example service.version. -->
   <!-- <context:property-placeholder location="classpath:service.properties" /> -->
	<util:properties id="serviceProperties" location="classpath:/service.properties" />
	<context:property-placeholder
		properties-ref="serviceProperties" order="1" ignore-unresolvable="true"
		ignore-resource-not-found="false" />

   <!-- import tbs status endpoint configuration -->
	    <import resource="classpath:tbsStatusServiceContext.xml" />
   <!-- import the PCI compliant security specific configuration -->
   <import resource="classpath:tbsPentaSecuredServiceContext.xml" />
   <!-- import the API Doc configuration -->
   <!-- import resource="classpath:apiDocConfigContext.xml" /-->

   <cxf:bus>
      <!-- Log request/response -->
      <cxf:features>
         <cxf:logging limit="2097152" />
      </cxf:features>
   </cxf:bus>

	<util:map id="tbsAuthorizationDefinitionsMap">
	   <entry key="(POST|GET|DELETE|PUT)/slimgmtservice.*"
	      value="SF_CARGOSYSTEMSERVICES_S" />
	   <entry key="(POST|GET|DELETE|PUT)/awbaccpetanceMgmtService.*"
	      value="SF_CARGOSYSTEMSERVICES_S" />
	   <entry key="(POST|GET|DELETE|PUT)/awbHelperService.*"
	      value="SF_CARGOSYSTEMSERVICES_S" />
	   <entry key="(POST|GET|DELETE|PUT)/shipmentMgmtService.*"
	      value="SF_CARGOSYSTEMSERVICES_S" />
	   <entry key="(POST|GET|DELETE|PUT)/airwaybillnumberservice.*"
	      value="SF_CARGOSYSTEMSERVICES_S" />
	   <entry key="(POST|GET|DELETE|PUT)/shipperIdentificationService.*"
	      value="SF_CARGOSYSTEMSERVICES_S" />
	   <entry key="(POST|GET|DELETE|PUT)/fitManagementService.*"
	      value="SF_CARGOSYSTEMSERVICES_S" />
	   <entry key="(POST|GET|DELETE|PUT)/outboundshipmentMgmtService.*"
	      value="SF_CARGOSYSTEMSERVICES_S" />
	      <entry key="(POST|GET|DELETE|PUT)/customsMessageService.*"
	      value="SF_CARGOSYSTEMSERVICES_S" />
	       <entry key="(POST|GET|DELETE|PUT)/processCustomsXFNMMessage.*"
	      value="SF_CARGOSYSTEMSERVICES_S" />
	      <entry key="(POST|GET|DELETE|PUT)/airwaybillTrackingService.*"
	      value="SF_CARGOSYSTEMSERVICES_S" />
	       <entry key="(POST|GET|DELETE|PUT)/awbdailychargesservice.*"
	      value="SF_CARGOSYSTEMSERVICES_S" />
	       <entry key="(POST|GET|DELETE|PUT)/interlineTransferManifestService.*"
	      value="SF_CARGOSYSTEMSERVICES_S" />
	      <entry key="(POST|GET|DELETE|PUT)/houseAirwayBillService.*"
	      value="SF_CARGOSYSTEMSERVICES_S" />
        <entry key="(POST|GET|DELETE|PUT)/airwaybillFinancialService.*"
        value="SF_CARGOSYSTEMSERVICES_S" />
			<entry key="(POST|GET|DELETE|PUT)/generateReportsConfig.*"
        value="SF_CARGOSYSTEMSERVICES_S" />
        <entry key="(POST|GET|DELETE|PUT)/bookingService.*"
        value="SF_CARGOSYSTEMSERVICES_S" />
        <entry key="(POST|GET|DELETE|PUT)/releaseBookingService.*"
        value="SF_CARGOSYSTEMSERVICES_S" />
         <entry key="(POST|GET|DELETE|PUT)/bookingService/processXFFRRequest.*"
        value="SF_CARGOSYSTEMSERVICES_S" />
	</util:map>

</beans>
