<?xml version="1.0" encoding="UTF-8"?>
<beans xmlns="http://www.springframework.org/schema/beans"
   xmlns:xsi="http://www.w3.org/2001/XMLSchema-instance" xmlns:util="http://www.springframework.org/schema/util"
   xsi:schemaLocation="http://www.springframework.org/schema/beans http://www.springframework.org/schema/beans/spring-beans.xsd
      http://www.springframework.org/schema/util http://www.springframework.org/schema/util/spring-util.xsd">

   <!-- A JAXRS based client to a TBS Security Service -->
   <bean id="tbsSecurityServiceClient" class="org.apache.cxf.jaxrs.client.WebClient"
      factory-method="create">
      <constructor-arg type="java.lang.String" value="${security.service.url}" /> <!-- URL to TBS Security Service -->
      <constructor-arg type="boolean" value="true" />  <!-- Thread safe -->
   </bean>

   <bean name="tbsSecurityServiceAdapter"
      class="com.swacorp.tbs.security.securityservice.wrapper.JAXRSSecurityServiceAdapter">
      <constructor-arg name="client" ref="tbsSecurityServiceClient" />
      <constructor-arg name="interceptorList" ref="tbsSecurityServiceInterceptorList" />
   </bean>

   <util:list id="tbsSecurityServiceInterceptorList" value-type="org.apache.cxf.interceptor.Interceptor">
      <ref bean="tbsOutOfBandInterceptor" />
   </util:list>

   <bean id="tbsOutOfBandInterceptor"
      class="com.swacorp.tbs.security.providers.OOBHeaderOutInterceptor">
      <constructor-arg name="applId" value="${tbs.applicationName}" />
   </bean>

   <bean id="tbsSecurityHeaderConfigurator" class="com.swacorp.tbs.security.penta.SecurityHeaderConfigurator" factory-method="create">
      <constructor-arg name="keyAlgorithm" value="${tbs.keyPairAlgorithm:RSA}"/>
      <constructor-arg name="keySize" value="${tbs.keyPairSize:1024}"/>
      <!-- same signing algorithm is used for both header and payload for now -->      
      <constructor-arg name="signingAlgorithm" value="${tbs.signingAlgorithm:SHA512withRSA}"/> 
   </bean>

</beans>
