<?xml version="1.0" encoding="UTF-8"?>
<beans xmlns="http://www.springframework.org/schema/beans"
   xmlns:xsi="http://www.w3.org/2001/XMLSchema-instance" xmlns:util="http://www.springframework.org/schema/util"
   xmlns:security="http://www.springframework.org/schema/security"
   xmlns:cxf="http://cxf.apache.org/core"
   xsi:schemaLocation="
      http://www.springframework.org/schema/util http://www.springframework.org/schema/util/spring-util.xsd
      http://cxf.apache.org/core http://cxf.apache.org/schemas/core.xsd
      http://www.springframework.org/schema/security http://www.springframework.org/schema/security/spring-security-3.1.xsd
      http://www.springframework.org/schema/beans http://www.springframework.org/schema/beans/spring-beans.xsd">

   <import resource="classpath:tbsPentaSecuredServiceCommonContext.xml" />

   <bean id="tbsSpringSecurityInterceptor"
      class="com.swacorp.tbs.security.providers.AuthorizationSecurityInterceptor">
      <property name="validateConfigAttributes" value="${tbs.service.validateConfigAttributes:false}" />
      <property name="authenticationManager" ref="tbsAuthenticationManager" />
      <property name="accessDecisionManager" ref="tbsAccessDecisionManager" />
      <property name="securityMetadataSource" ref="tbsAuthorizationObjectDefinitionSource" />
      <property name="rejectPublicInvocations" value="${tbs.service.rejectPublicInovcations:true}" />
      <property name="alwaysReauthenticate" value="${tbs.service.alwaysReauthenticate:true}" />
   </bean>

   <bean id="tbsSpringSecurityFilterChain" class="org.springframework.security.web.FilterChainProxy">
      <constructor-arg name="filterChains">
         <util:list>
            <security:filter-chain pattern="/**/admin"
               filters="none" />
            <security:filter-chain pattern="/**/admin/*"
               filters="none" />
            <security:filter-chain pattern="/**/availability"
               filters="none" />
            <security:filter-chain pattern="/**"
               filters="tbsAuthorizationFilter, tbsPentaVersionValidatorFilter" />
         </util:list>
      </constructor-arg>
   </bean>

   <bean id="tbsAccessDecisionManager"
      class="org.springframework.security.access.vote.AffirmativeBased">
      <property name="decisionVoters">
         <list
            value-type="org.springframework.security.access.AcccessDecisionVoter">
            <ref bean="tbsRoleVoter" />
         </list>
      </property>
   </bean>

   <bean id="tbsAuthorizationObjectDefinitionSource"
      class="com.swacorp.tbs.security.providers.AuthorizationSecurityMetadataSource">
      <property name="authDefinitions" ref="tbsAuthorizationDefinitionsMap" />
      <property name="patternFlags" value="${tbs.service.authorizationPatternFlags:0}" />
   </bean>

   <!-- A CXF Interceptor that allows returning security related error code 
      over HTTP header -->
<!--    <bean id="httpHeadersInterceptor" -->
<!--       class="com.swacorp.tbs.security.service.HttpHeaderPopulatorOutInterceptor" /> -->


</beans>