<?xml version="1.0" encoding="UTF-8"?>
<beans xmlns="http://www.springframework.org/schema/beans"
   xmlns:util="http://www.springframework.org/schema/util" xmlns:xsi="http://www.w3.org/2001/XMLSchema-instance"
   xsi:schemaLocation="http://www.springframework.org/schema/beans http://www.springframework.org/schema/beans/spring-beans.xsd
   http://www.springframework.org/schema/util http://www.springframework.org/schema/util/spring-util.xsd">

   <!-- -->
   <import resource="tbsSecurityServiceClientContext.xml" />

   <bean id="tbsGroupAuthenticationProvider"
      class="com.swacorp.tbs.security.providers.GroupServerAuthenticationProvider" />
   <bean id="tbsAnonymousKey" class="java.lang.String">
      <constructor-arg value="ANONYMOUS_SUPPORT" type="java.lang.String" />
   </bean>

   <bean id="tbsAnonymousAuthenticationProvider"
      class="org.springframework.security.authentication.AnonymousAuthenticationProvider">
      <property name="key" ref="tbsAnonymousKey" />
   </bean>

   <bean id="tbsAnonymousAuthentication"
      class="org.springframework.security.authentication.AnonymousAuthenticationToken">
      <constructor-arg ref="tbsAnonymousKey" />
      <constructor-arg value="USER_ANONYMOUS" />
      <constructor-arg>
         <list>
            <bean
               class="org.springframework.security.core.authority.SimpleGrantedAuthority">
               <constructor-arg value="ROLE_ANONYMOUS" />
            </bean>
         </list>
      </constructor-arg>
   </bean>

   <bean id="tbsPentaVersionValidator" class="com.swacorp.tbs.security.penta.VersionValidator">
      <constructor-arg name="version" value="${tbs.service.version}" />
      <constructor-arg name="validation"
         value="${tbs.service.validateVersion:false}" />
   </bean>

   <bean id="tbsPentaVersionValidatorFilter"
      class="com.swacorp.tbs.security.service.penta.VersionValidationFilter">
      <constructor-arg name="validator" ref="tbsPentaVersionValidator" />
   </bean>

   <bean id="tbsPentaSecurityCoreServer" class="com.swacorp.tbs.security.core.SecurityCoreServerImpl">
      <constructor-arg name="isSecurityEnabled"
         value="${tbs.service.enableSecurity:true}" />
      <property name="authorizationInterceptor" ref="tbsSpringSecurityInterceptor" />
   </bean>

   <bean id="tbsPentaSecurityCoreServerAnonymous" class="com.swacorp.tbs.security.core.SecurityCoreServerImpl">
      <constructor-arg name="isSecurityEnabled"
         value="${tbs.service.enableSecurity:true}" />
      <property name="authorizationInterceptor" ref="tbsSpringSecurityInterceptor" />
      <property name="anonymousAuthenticationToken" ref="tbsAnonymousAuthentication" />
   </bean>

   <bean name="tbsServerAuthenticationProvider"
      class="com.swacorp.tbs.security.providers.SecurityServiceServerAuthenticationProvider">
      <constructor-arg>
         <list value-type="com.swacorp.tbs.security.providers">
            <ref bean="tbsTimestampVerifier" />
         </list>
      </constructor-arg>
      <constructor-arg>
         <list value-type="com.swacorp.tbs.security.providers">
            <ref bean="tbsHeaderSignatureVerifier" />
            <ref bean="tbsPayloadSignatureVerifier" />
         </list>
      </constructor-arg>
      <constructor-arg name="cache" ref="tbsUserCache" />
      <constructor-arg ref="tbsSecurityServiceAdapter" />
   </bean>

   <bean id="tbsTimestampVerifier" class="com.swacorp.tbs.security.providers.TimestampVerifier">
      <constructor-arg name="futureDeltaInMillis" type="long"
         value="${tbs.service.futureRequestDeltaInMillis:60000}" />
      <constructor-arg name="pastDeltaInMillis" type="long"
         value="${tbs.service.pastRequestDeltaInMillis:60000}" />
   </bean>
   <bean id="tbsHeaderSignatureVerifier"
      class="com.swacorp.tbs.security.providers.SecurityHeaderSignatureVerifier">
      <constructor-arg name="signatureAlgorithm"
         value="${tbs.signingAlgorithm:SHA512withRSA}" />
   </bean>
   <bean id="tbsPayloadSignatureVerifier"
      class="com.swacorp.tbs.security.providers.PayloadSignatureVerifier">
      <constructor-arg name="signatureAlgorithm"
         value="${tbs.signingAlgorithm:SHA512withRSA}" />
   </bean>

   <bean id="tbsRoleVoter" class="org.springframework.security.access.vote.RoleVoter">
      <property name="rolePrefix" value="" />
   </bean>

   <bean id="tbsUserCache" class="com.swacorp.tbs.security.util.EhCacheBasedUserCache">
      <constructor-arg name="cache" ref="tbsEhcache" />
   </bean>

   <bean id="tbsEhcache" class="org.springframework.cache.ehcache.EhCacheFactoryBean">
      <property name="cacheManager" ref="tbsCacheManager" />
      <property name="cacheName" value="securityTokenCache" /> <!-- Does it matter if the cache is shared between two -->
   </bean>

   <bean id="tbsCacheManager"
      class="org.springframework.cache.ehcache.EhCacheManagerFactoryBean">
      <property name="configLocation"
         value="classpath:${tbs.service.securityTokenCacheConfigFile:securityTokenCache.xml}" />
   </bean>
   <bean id="exporter" class="org.springframework.jmx.export.MBeanExporter">
      <property name="registrationBehaviorName"
         value="${ehCache.mbean.registration.behavior:REGISTRATION_IGNORE_EXISTING}" />
      <property name="beans">
         <map>
            <entry key="com.swacorp.tbs.security:name=SecurityTokenCache"
               value-ref="tbsEhCacheJmxConfigBean" />
         </map>
      </property>
   </bean>

   <bean id="tbsEhCacheJmxConfigBean" class="com.swacorp.tbs.security.util.EhCacheJmxConfig">
      <constructor-arg ref="tbsEhcache" />
   </bean>

   <util:list id="tbsRequiredAuthenticationProviders"
      value-type="org.springframework.security.authentication.AuthenticationProvider">
      <ref bean="tbsGroupAuthenticationProvider" />
      <ref bean="tbsServerAuthenticationProvider" />
   </util:list>

   <util:list id="tbsAllAuthenticationProviders"
      value-type="org.springframework.security.authentication.AuthenticationProvider">
      <ref bean="tbsGroupAuthenticationProvider" />
      <ref bean="tbsServerAuthenticationProvider" />
      <ref bean="tbsAnonymousAuthenticationProvider" />
   </util:list>

   <!-- TBS SECURED SERVICE CONFIGURATION -->
   <bean name="tbsAuthenticationManager"
      class="org.springframework.security.authentication.ProviderManager">
      <constructor-arg name="providers"
         ref="#{ ${tbs.service.supportAnonymousAuthentication:false} == true ? 'tbsAllAuthenticationProviders' : 'tbsRequiredAuthenticationProviders' }" />

   </bean>

   <bean id="tbsAuthorizationFilter"
      class="com.swacorp.tbs.security.service.penta.AuthorizationFilter">
      <!-- <constructor-arg name="tbsSecurityCoreServer" -->
      <!-- ref="#{ ${tbs.service.supportAnonymousAuthentication:false} == 
         true ? 'tbsPentaSecurityCoreServerAnonymous' : 'tbsPentaSecurityCoreServer'} 
         " /> -->
      <constructor-arg name="tbsSecurityCoreServer"
         ref="#{ ${tbs.service.supportAnonymousAuthentication:false} == true ? 'tbsPentaSecurityCoreServerAnonymous' : 'tbsPentaSecurityCoreServer'}" />
      <constructor-arg name="appName" value="${tbs.applicationName}" />
      <constructor-arg name="serviceVersion" value="${tbs.service.version}" />
      <constructor-arg name="groupAuth"
         value="${tbs.service.allowGroupAuthorization:false}" />
      <constructor-arg name="secureWSDLExposure"
         value="${tbs.service.requireSecurityForWSDLAccess:false}" />
   </bean>

</beans>
